"Disease","Rank","Compound","NCS","FDR","Cell_line","Target","MOA"
"PS",1,"AZD-8055",-1.992,0.0158,"PC3","MTOR","MTOR inhibitor"
"PS",2,"GSK-1070916",-1.856,0.0158,"MCF7","AURKA; AURKB; AURKC; CYP2D6; CYP3A4","Aurora kinase inhibitor"
"PS",3,"KU-0063794",-1.821,0.0158,"PC3","MTOR","MTOR inhibitor"
"PS",4,"BMS-536924",-1.81,0.0158,"MCF7","AKT1; CCNE1; CDK2; CYP3A4; ERBB2; IGF1R; INSR; KDR; LCK; MET; PDGFRA; PDGFRB; RET","IGF-1 inhibitor"
"PS",5,"VU-0410183-2",-1.759,0.0158,"MCF7","-","-"
"PS",6,"tozasertib",-1.754,0.0158,"MCF7","ABL1; ABL2; AURKA; AURKAIP1; AURKB; AURKC; BCR; BMP2K; CDKL2; DDR1; DDR2; EPHA2; EPHB6; FLT3; INCENP; JAK2; LCK; LIMK1; MAP3K19; MAP4K1; MAP4K5; MYLK2; MYLK3; NTRK1; NTRK2; NTRK3; NUAK1; PLK4; RET; RIPK1; ROS1; SLK; SRPK1; TAOK2; TAOK3; TEK; TNK1; TPX2; YES1","Aurora kinase inhibitor; BCR-ABL kinase inhibitor; FLT3 inhibitor; JAK inhibitor"
"PS",7,"NU-7441",-1.743,0.0158,"PC3","ABCB1; PRKDC","DNA dependent protein kinase inhibitor; P-glycoprotein inhibitor"
"PS",8,"SA-1017940",-1.741,0.0158,"VCAP","-","-"
"PS",9,"PI-828",-1.738,0.0158,"PC3","-","PI3K inhibitor"
"PS",10,"BRD-K62169556",-1.737,0.0158,"MCF7","-","-"
"PS",11,"NVP-BEZ235",-1.728,0.0158,"A549","-","-"
"PS",12,"tamoxifen",-1.715,0.0158,"MCF7","ABCB1; ABCG2; AR; BGLAP; CCND1; CTSD; CYP2C9; CYP3A5; EBP; EBPL; ERBB2; ESR1; ESR2; ESRRG; FMO1; FMO2; FMO3; FMO4; FMO5; GPER1; IGFBP5; KCNH2; NCOR1; NCOR2; NR1I2; ODC1; PRKCA; PRKCB; PRKCE; PRKCG; PRKCI; PRKCZ; SHBG; TGFA; UGT1A4","Estrogen receptor antagonist; Selective estrogen receptor modulator (SERM)"
"PS",13,"AS-605240",-1.69,0.0158,"A375","MAOB; PIK3CA; PIK3CB; PIK3CD; PIK3CG","PI3K inhibitor"
"PS",14,"BRD-K08725721",-1.689,0.0158,"VCAP","-","-"
"PS",15,"PP-1",-1.688,0.0158,"MCF7","HCK; RET; SRC","ABL inhibitor; SRC inhibitor"
"PS",16,"LY-294002",-1.688,0.0158,"PC3","AKT1; CHEK1; GSK3B; LCK; MAPK11; MAPK12; MAPK14; MAPK8; MTOR; PDE2A; PIK3CA; PIK3CB; PIK3CD; PIK3CG; PIM1; PLK1; PRKCA; PRKDC; ROCK1; RPS6KB1; SGK1","DNA dependent protein kinase inhibitor; MTOR inhibitor; Phosphodiesterase inhibitor; PI3K inhibitor; PLK inhibitor"
"PS",17,"BRD-K06009608",-1.685,0.0158,"VCAP","-","-"
"PS",18,"PU-H71",-1.678,0.0158,"ASC","HSP90AA1","HSP inhibitor"
"PS",19,"PP-2",-1.675,0.0158,"ASC","ABL1; LCK; LYN; RIPK2; SRC","SRC inhibitor"
"PS",20,"BRD-K71188711",-1.67,0.0158,"VCAP","-","-"
"AD",1,"thioridazine",-1.957,0.00221,"A375","ADRA1A; ADRA1B; CHRNA7; DRD1; HRH1; HTR1E; HTR6; HTR7; KCNH2; MALT1","Dopamine receptor antagonist"
"AD",2,"NU-7441",-1.957,0.00221,"PC3","ABCB1; PRKDC","DNA dependent protein kinase inhibitor; P-glycoprotein inhibitor"
"AD",3,"clocortolone-pivalate",-1.884,0.00221,"A549","-","-"
"AD",4,"TG-101348",-1.879,0.00221,"PC3","BRD4; FLT3; JAK2; RET; TYK2","FLT3 inhibitor; JAK inhibitor"
"AD",5,"dilazep",-1.86,0.00221,"HA1E","CACNA1C; SLC29A1","Adenosine reuptake inhibitor"
"AD",6,"BIBX-1382",-1.835,0.00221,"VCAP","EGFR; ERBB2","EGFR inhibitor; Tyrosine kinase inhibitor"
"AD",7,"GSK-1070916",-1.834,0.00221,"MCF7","AURKA; AURKB; AURKC; CYP2D6; CYP3A4","Aurora kinase inhibitor"
"AD",8,"T-98475",-1.82,0.00221,"HCC515","GNRH1; GNRHR","Gonadotropin releasing factor hormone receptor antagonist"
"AD",9,"tamoxifen",-1.817,0.00221,"MCF7","ABCB1; ABCG2; AR; BGLAP; CCND1; CTSD; CYP2C9; CYP3A5; EBP; EBPL; ERBB2; ESR1; ESR2; ESRRG; FMO1; FMO2; FMO3; FMO4; FMO5; GPER1; IGFBP5; KCNH2; NCOR1; NCOR2; NR1I2; ODC1; PRKCA; PRKCB; PRKCE; PRKCG; PRKCI; PRKCZ; SHBG; TGFA; UGT1A4","Estrogen receptor antagonist; Selective estrogen receptor modulator (SERM)"
"AD",10,"mometasone",-1.817,0.00221,"A549","NR3C1; PGR","Glucocorticoid receptor agonist; Immunosuppressant"
"AD",11,"PP-2",-1.808,0.00221,"ASC","ABL1; LCK; LYN; RIPK2; SRC","SRC inhibitor"
"AD",12,"BRD-K71585907",-1.8,0.00221,"VCAP","-","-"
"AD",13,"SU-11652",-1.789,0.00221,"FIBRNPC","CAMK1G; FGF2; FLT1; KDR; KIT; PDGFRA; PDGFRB","Tyrosine kinase inhibitor"
"AD",14,"rimcazole",-1.789,0.00221,"HCC515","SIGMAR1","Sigma receptor antagonist"
"AD",15,"palbociclib",-1.779,0.00221,"MCF7","CCND3; CDK4; CDK6","CDK inhibitor"
"AD",16,"purvalanol-a",-1.766,0.00221,"PC3","CCND1; CCNE1; CDK1; CDK2; CDK4; CDK5; CSNK1G3; RPS6KA1; SRC","CDK inhibitor; DYRK inhibitor"
"AD",17,"CAM-9-027-3",-1.763,0.00221,"MCF7","-","-"
"AD",18,"mibefradil",-1.758,0.00221,"A549","ANO1; CACNA1C; CACNA1D; CACNA1F; CACNA1G; CACNA1H; CACNA1I; CACNA1S; CACNB1; CACNB2; CACNB3; CACNB4; CATSPER1; CATSPER2; CATSPER3; CATSPER4; CYP3A5; CYP3A7; SCN2A; SCN4A; SCN5A; SCN9A","T-type calcium channel blocker"
"AD",19,"BG-1008",-1.753,0.00221,"FIBRNPC","-","-"
"AD",20,"etoposide",-1.731,0.00221,"MCF7","ABCB1; ABCC1; ABCC2; ABCC3; ABCG2; APAF1; BAX; CASP2; CASP6; CASP8; CASP9; CDKN1A; CYCS; CYP2E1; CYP3A5; DCK; FAS; H2AFX; KMT2A; LMNB1; MAPK8; MCL1; RB1; TOP2A; TOP2B; TP53","Topoisomerase inhibitor"
"HS",1,"BRD-K18542345",-1.541,0.314,"NEU","-","-"
"HS",2,"QL-X-138",-1.507,0.314,"HS578T","BTK; MKNK2; MTOR; PRKDC","MTOR inhibitor"
"HS",3,"epoxycholesterol",-1.49,0.314,"MCF7","NR1H2; NR1H3","LXR agonist"
"HS",4,"homoharringtonine",-1.461,0.314,"ASC","RPL3","Protein synthesis inhibitor"
"HS",5,"JNJ-38877605",-1.456,0.314,"SKBR3","MET","Tyrosine kinase inhibitor"
"HS",6,"aminopentamide",-1.446,0.314,"HCC515","-","Acetylcholine receptor antagonist"
"HS",7,"BRD-K88217904",-1.445,0.314,"MCF7","-","-"
"HS",8,"aminomethyltransferase",-1.415,0.314,"PC3","NOS2","Nitric oxide synthase inhibitor"
"HS",9,"cephaeline",-1.413,0.314,"HA1E","RPS2","Protein synthesis inhibitor"
"HS",10,"BRD-K83727172",-1.406,0.314,"VCAP","-","-"
"HS",11,"cyanopindolol",-1.404,0.314,"FIBRNPC","HTR1D","Adrenergic receptor antagonist"
"HS",12,"demeclocycline",-1.4,0.314,"PC3","-","Bacterial 30S ribosomal subunit inhibitor"
"HS",13,"BRD-K62919978",-1.399,0.314,"NEU","-","-"
"HS",14,"BRD-K13060097",-1.399,0.314,"NPC","-","-"
"HS",15,"BML-257",-1.396,0.314,"PC3","AKT1","AKT inhibitor; HCV inhibitor"
"HS",16,"L-733060",-1.394,0.314,"PC3","TACR1","Tachykinin antagonist"
"HS",17,"BRD-K82096551",-1.393,0.314,"NEU","-","-"
"HS",18,"BRD-K60202068",-1.39,0.314,"VCAP","-","-"
"HS",19,"mesulergine",-1.386,0.314,"A549","HTR2B; HTR3A; HTR3B; HTR6; HTR7","Dopamine receptor agonist"
"HS",20,"MDM2-inhibitor",-1.384,0.314,"PC3","MDM2","MDM inhibitor"
"VL",1,"erythrosine",-1.991,0.000433,"HCC515","-","Coloring agent"
"VL",2,"BRD-K00429057",-1.9,0.000433,"MCF7","-","-"
"VL",3,"cytochalasin-d",-1.899,0.000433,"A549","ACTB","Actin polymerization inhibitor"
"VL",4,"PPT",-1.898,0.000433,"PC3","ESR1","Estrogen receptor agonist"
"VL",5,"simvastatin",-1.895,0.000433,"A549","APOA1; APOE; COG2; CYP2C8; CYP3A4; CYP3A5; HMGCR; ITGAL; ITGB2; LDLR; PON1","HMGCR inhibitor"
"VL",6,"BRD-K14383710",-1.86,0.000433,"VCAP","-","-"
"VL",7,"BRD-K56664261",-1.85,0.000433,"VCAP","-","-"
"VL",8,"BRD-K00289828",-1.835,0.000433,"MCF7","-","-"
"VL",9,"SD-6-035-A9",-1.834,0.000433,"MCF7","-","-"
"VL",10,"sappanone-a",-1.832,0.000433,"MCF7","-","Melanin inhibitor; Tyrosinase inhibitor"
"VL",11,"BRD-K63513868",-1.828,0.000433,"HL60","-","-"
"VL",12,"BRD-K44070326",-1.826,0.000433,"VCAP","-","-"
"VL",13,"BRD-A68061604",-1.807,0.000433,"MCF7","-","-"
"VL",14,"BRD-K49477330",-1.807,0.000433,"A549","-","-"
"VL",15,"MW-SHH-28",-1.805,0.000433,"PC3","-","-"
"VL",16,"BRD-K83151319",-1.795,0.000433,"PC3","-","-"
"VL",17,"BRD-K35046132",-1.788,0.000433,"A375","-","-"
"VL",18,"pazufloxacin",-1.788,0.000433,"PC3","-","Topoisomerase inhibitor"
"VL",19,"BRD-K79758054",-1.776,0.000433,"A375","-","-"
"VL",20,"SN-38",-1.774,0.000433,"A549","TOP1","Topoisomerase inhibitor"
"CSU",1,"atorvastatin",-2.189,0.000465,"HA1E","AHR; APOA1; APOB; APOE; CCL2; CD40LG; CETP; CRP; CYP3A5; DPP4; FASLG; HMGCR; IL6; LDLR; LPL; MTTP; PON1; RHOA; SERPINE1; SLCO1B1; VCAM1","HMGCR inhibitor"
"CSU",2,"lovastatin",-2.178,0.000465,"HA1E","APOA1; APOB; CYP2C9; CYP3A5; HDAC2; HMGCR; ITGAL; LDLR; LMNA; NR1I2; RAF1; RASD1; RHOA; RHOB","HMGCR inhibitor"
"CSU",3,"rosuvastatin",-2.138,0.000465,"HA1E","APOB; CRP; HMGCR; SLCO1B1","HMGCR inhibitor"
"CSU",4,"LY-364947",-2.084,0.000465,"MCF7","TGFBR1","p38 MAPK inhibitor; TGF beta receptor inhibitor"
"CSU",5,"AS-605240",-2.061,0.000465,"A375","MAOB; PIK3CA; PIK3CB; PIK3CD; PIK3CG","PI3K inhibitor"
"CSU",6,"UNC-0321",-2.03,0.000465,"HT29","EHMT2","Histone lysine methyltransferase inhibitor"
"CSU",7,"midostaurin",-2.03,0.000465,"ASC","AAK1; AURKC; BCR; BRSK1; BRSK2; CAMK2A; CAMK2D; CAMKK1; CAMKK2; CCNB1; CLK4; CUX1; EIF2AK4; FER; FGFR1OP; FGFR1OP2; FGR; FLT1; FLT3; FLT4; GRK1; GRK7; GSK3A; HCK; IKBKE; KDR; KIT; LIMK1; LRRK2; MAP3K10; MAP3K11; MAP3K19; MAP3K2; MAP3K3; MAP3K7; MAP3K9; MAP4K2; MAP4K4; MAP4K5; MARK1; MARK2; MARK3; MARK4; MELK; MINK1; MST4; MYLK; NTRK1; NTRK2; NTRK3; NUAK1; NUAK2; PDGFRA; PDGFRB; PHKG1; PKN1; PKN2; PLK4; PRKCA; PRKCB; PRKCE; PRKCG; PRKCH; PRKG1; PRKG2; PRPF4B; RET; ROS1; RPS6KA1; RPS6KA2; RPS6KA3; RPS6KA4; RPS6KA5; RPS6KA6; RPS6KB1; SIK2; SLK; SRPK1; SRPK3; STK10; STK3; STK4; TBK1; TNK1; TNK2; TSSK1B; TYK2; VEGFA; YES1; ZMYM2","FLT3 inhibitor; KIT inhibitor; PKC inhibitor"
"CSU",8,"BMS-536924",-2.01,0.000465,"A375","AKT1; CCNE1; CDK2; CYP3A4; ERBB2; IGF1R; INSR; KDR; LCK; MET; PDGFRA; PDGFRB; RET","IGF-1 inhibitor"
"CSU",9,"vemurafenib",-2.003,0.000465,"A375","BRAF; CYP3A4; CYP3A5; RAF1","RAF inhibitor"
"CSU",10,"mycophenolate-mofetil",-2.001,0.000465,"MCF7","HCAR2; IMPDH1; IMPDH2","Dehydrogenase inhibitor; Hydroxycarboxylic acid receptor agonist; Immunosuppressant; Inosine monophosphate dehydrogenase inhibitor; Inositol monophosphatase inhibitor"
"CSU",11,"NVP-AUY922",-2.001,0.000465,"MCF7","HSP90AA1; HSP90AA2; HSP90AB1; HSP90B1; TRAP1","HSP inhibitor"
"CSU",12,"PP-1",-1.999,0.000465,"MCF7","HCK; RET; SRC","ABL inhibitor; SRC inhibitor"
"CSU",13,"PI-828",-1.995,0.000465,"HA1E","-","PI3K inhibitor"
"CSU",14,"fluvastatin",-1.994,0.000465,"HA1E","APOA1; APOB; APOE; CYBA; CYP2C8; CYP2C9; F3; HMGCR; ICAM1; LDLR; RHOA; SELP; SERPINE1","HMGCR inhibitor"
"CSU",15,"PU-H71",-1.984,0.000465,"ASC","HSP90AA1","HSP inhibitor"
"CSU",16,"BRD-A24021119",-1.98,0.000465,"A549","-","-"
"CSU",17,"PLX-4720",-1.964,0.000465,"A375","BRAF; FGR; KDR; MAP2K5; MLTK; PTK6; SRMS","RAF inhibitor"
"CSU",18,"AZD-7762",-1.962,0.000465,"ASC","CHEK1; CHEK2","CHK inhibitor"
"CSU",19,"GDC-0879",-1.959,0.000465,"A375","BRAF; RAF1","RAF inhibitor"
"CSU",20,"dasatinib",-1.932,0.000465,"ASC","ABL1; ABL2; ACVRL1; BCR; BLK; BMPR1B; BMX; BTK; CSK; DDR1; DDR2; EPHA1; EPHA2; EPHA3; EPHA4; EPHA5; EPHA6; EPHA8; EPHB1; EPHB2; EPHB3; EPHB4; EPHB6; ERBB3; ERBB4; FGR; FRK; FYN; GAK; HCK; HSPA8; KIT; LCK; LIMK1; LIMK2; LYN; MAP2K5; MAP3K19; MAP3K20; MAP4K5; MAPK14; MLTK; NEK11; NLK; NR4A3; PDGFRA; PDGFRB; PPAT; PTK6; RIPK2; SIK1; SIK2; SIK3; SRC; SRMS; STAT5B; TEC; TESK1; TNK2; TNNI3K; TXK; TYK2; YES1","BCR-ABL kinase inhibitor; Ephrin inhibitor; KIT inhibitor; PDGFR receptor inhibitor; SRC inhibitor; Tyrosine kinase inhibitor"
"SLS",1,"BRD-K99750636",-1.851,9.41e-05,"PC3","-","-"
"SLS",2,"buparlisib",-1.849,9.41e-05,"MCF7","-","-"
"SLS",3,"niacin",-1.825,9.41e-05,"HEPG2","ACHE; DGAT2; HCAR1; HCAR2; HCAR3; NNMT; PTGDR; QPRT","NAD precursor with lipid lowering effects; Vitamin B"
"SLS",4,"EMF-sumo1-8",-1.776,9.41e-05,"PC3","-","-"
"SLS",5,"BRD-A81372523",-1.75,9.41e-05,"A549","-","-"
"SLS",6,"kinetin-riboside",-1.745,9.41e-05,"NKDBA","-","Apoptosis stimulant"
"SLS",7,"BRD-K98948170",-1.745,9.41e-05,"HCC515","-","-"
"SLS",8,"lovastatin",-1.739,9.41e-05,"MCF7","APOA1; APOB; CYP2C9; CYP3A5; HDAC2; HMGCR; ITGAL; LDLR; LMNA; NR1I2; RAF1; RASD1; RHOA; RHOB","HMGCR inhibitor"
"SLS",9,"VU-0447126-2",-1.73,9.41e-05,"MCF7","-","-"
"SLS",10,"sulfaphenazole",-1.725,9.41e-05,"PC3","CYP2C9","-"
"SLS",11,"isamoltane",-1.724,9.41e-05,"SKB","-","-"
"SLS",12,"JWE-035",-1.72,9.41e-05,"PC3","AURKA","Aurora kinase inhibitor"
"SLS",13,"BH3I-1",-1.719,9.41e-05,"SKB","BCL2","BCL inhibitor"
"SLS",14,"gangaleoidin",-1.712,9.41e-05,"HEPG2","-","-"
"SLS",15,"ampyrone",-1.712,9.41e-05,"MCF7","-","-"
"SLS",16,"BRD-K47786739",-1.711,9.41e-05,"MCF7","-","-"
"SLS",17,"BRD-K30958640",-1.709,9.41e-05,"A549","-","-"
"SLS",18,"BRD-K91987625",-1.7,9.41e-05,"A549","-","-"
"SLS",19,"BRD-K66598898",-1.698,9.41e-05,"MCF7","-","-"
"SLS",20,"BRD-A13964793",-1.696,9.41e-05,"ASC","-","-"
