"connected_disease","skin_disease","overlap_n","drugs"
"Liver carcinoma","AD",25,"palbociclib;devazepide;WZ-3146;WZ-4-145;ZK-164015;NNC-05-2090;naproxol;estradiol-benzoate;WZ-4002;TG-101348;NTNCB;BRD-K31706415;mibefradil;tamoxifen;wortmannin;T-98475;thioridazine;BRD-K85211514;amlodipine;SU-11652;BMS-536924;tyrphostin-A9;Y-134;GSK-1070916;etoposide"
"HIV Infections","CSU",11,"methotrexate;mycophenolic-acid;BRD-K84959002;CCT-018159;PLX-4720;BRD-K02562327;mycophenolate-mofetil;lovastatin;PP-110;BRD-A24021119;hinokitiol"
"Liver carcinoma","PS",10,"ZK-164015;sunitinib;TG-101348;tamoxifen;wortmannin;T-98475;thioridazine;SU-11652;BMS-536924;GSK-1070916"
"Optic Atrophy","PS",10,"NVP-TAE684;JW-7-24-1;BRD-K62169556;AS-605240;TG-101348;PP-2;KU-0063794;fostamatinib;AZD-8055;ZSTK-474"
"Dermatitis, Allergic Contact","CSU",8,"BIIB-021;aminopurvalanol-a;AZD-7762;TG-101348;KU-0060648;BRD-K87125912;purvalanol-a;AS-605240"
"Endometriosis","AD",8,"BMS-536924;AZD-8055;BRD-K62169556;vorinostat;midostaurin;wortmannin;NVP-TAE684;BW-B70C"
"Infarction, Middle Cerebral Artery","PS",8,"WYE-354;BRD-K71188711;ZK-164015;IKK-16;nilotinib;PU-H71;fostamatinib;entinostat"
"Liver carcinoma","VL",8,"WZ-3146;phorbol-12-myristate-13-acetate;dichlorobenzamil;mibefradil;wortmannin;cytochalasin-b;BRD-K85211514;WH-4023"
"Optic Atrophy","CSU",8,"NVP-TAE684;AS-605240;TG-101348;PP-2;KU-0063794;fostamatinib;AZD-8055;ZSTK-474"
"Atherosclerosis","AD",7,"BRD-K87125912;clobetasol;tamoxifen;WH-4025;fludroxycortide;ZK-164015;BMS-536924"
"Dermatitis, Allergic Contact","PS",7,"aminopurvalanol-a;TG-101348;KU-0060648;purvalanol-a;AS-605240;WYE-125132;JAK3-inhibitor-I"
"Endometriosis","PS",7,"BMS-536924;AZD-8055;BRD-K62169556;midostaurin;vemurafenib;wortmannin;NVP-TAE684"
"HIV Infections","PS",7,"BRD-K49010888;PLX-4720;BRD-K02562327;VU-0410183-2;PP-110;JW-7-24-1;wortmannin"
"HIV Infections","AD",7,"BRD-K49010888;HG-6-64-01;naproxol;fludroxycortide;VU-0410183-2;CGP-71683;wortmannin"
"Liver carcinoma","CSU",7,"WZ-4-145;TG-101348;tamoxifen;cytochalasin-b;BMS-536924;GSK-1070916;PD-0325901"
"Pneumonia","PS",7,"tamoxifen;somatostatin;BRD-K71188711;BRD-K08317416;GSK-1070916;midostaurin;BMS-754807"
"Pneumonia","AD",7,"BRD-K87779281;clobetasol;tamoxifen;testosterone-propionate;betamethasone;GSK-1070916;midostaurin"
"Spontaneous abortion","CSU",7,"BMS-536924;BIIB-021;KU-0060648;lovastatin;KU-0063794;AS-605240;CCCP"
"Dermatitis, Allergic Contact","AD",6,"aminopurvalanol-a;nobiletin;TG-101348;BRD-K87125912;purvalanol-a;JAK3-inhibitor-I"
"Dermatitis, Allergic Contact","HS",6,"anisomycin;TG-101348;BRD-K93367411;alprenolol;riluzole;AS-605240"
"Influenza","AD",6,"rimcazole;NTNCB;CAM-9-027-3;wortmannin;terfenadine;T-98475"
"Multiple Sclerosis","CSU",6,"BRD-K41775742;KU-0060648;AS-605240;TG-101348;propoxycaine;tozasertib"
"Optic Atrophy","AD",6,"NVP-TAE684;BRD-K62169556;TG-101348;PP-2;AZD-8055;ZSTK-474"
"Atherosclerosis","CSU",5,"BRD-K87125912;tamoxifen;bosutinib;BMS-536924;CCT-018159"
"Endometriosis","CSU",5,"BMS-536924;AZD-8055;midostaurin;vemurafenib;NVP-TAE684"
"Infarction, Middle Cerebral Artery","AD",5,"ZK-164015;terfenadine;IKK-16;amlodipine;entinostat"
"Influenza","VL",5,"rimcazole;cytochalasin-b;phorbol-12-myristate-13-acetate;wortmannin;H-89"
"Myocardial Ischemia","PS",5,"ruxolitinib;T-98475;NU-7441;MK-2206;TPCA-1"
"Spontaneous abortion","PS",5,"BMS-536924;KU-0060648;KU-0063794;AS-605240;CCCP"
"Spontaneous abortion","AD",5,"BMS-536924;WH-4025;vorinostat;nobiletin;lylamine"
"Anemia, Diamond-Blackfan","HS",4,"BRD-K16752617;tetrabenazine;U-0126;BRD-K13077924"
"Frontotemporal Lobar Degeneration","HS",4,"AS-605240;mesulergine;BRD-K59019422;cycloheximide"
"Frontotemporal Lobar Degeneration","CSU",4,"AS-605240;CCT-018159;clomifene;aminopurvalanol-a"
"HIV Infections","SLS",4,"HG-6-64-01;AM-580;lovastatin;hinokitiol"
"Influenza","PS",4,"BRD-K74623475;sirolimus;wortmannin;T-98475"
"Multiple Sclerosis","PS",4,"KU-0060648;AS-605240;TG-101348;tozasertib"
"Myocardial Ischemia","AD",4,"BIBU-1361;T-98475;NU-7441;TPCA-1"
"Myocardial Ischemia","CSU",4,"BIBU-1361;ruxolitinib;MK-2206;TPCA-1"
"Pneumonia","CSU",4,"tamoxifen;GSK-1070916;midostaurin;saracatinib"
"Amyotrophic Lateral Sclerosis","VL",3,"MPEP;trifluridine;olomoucine"
"Anemia, Diamond-Blackfan","AD",3,"etoposide;U-0126;entinostat"
"Anemia, Diamond-Blackfan","CSU",3,"U-0126;tunicamycin;GDC-0879"
"Atherosclerosis","PS",3,"tamoxifen;ZK-164015;BMS-536924"
"Chronic Obstructive Airway Disease","PS",3,"BRD-K71188711;hydrocortisone-valerate;BRD-K43226598"
"Chronic Obstructive Airway Disease","AD",3,"tyrphostin-A9;hydrocortisone-valerate;CVF-SUMO-14"
"Chronic Obstructive Airway Disease","HS",3,"BRD-K41652870;U0126;cycloheximide"
"Endometriosis","VL",3,"pitavastatin;wortmannin;amsacrine"
"Frontotemporal Lobar Degeneration","SLS",3,"ecopipam;BRD-K09459434;ZK-93423"
"Infarction, Middle Cerebral Artery","CSU",3,"nilotinib;PU-H71;fostamatinib"
"Infarction, Middle Cerebral Artery","SLS",3,"alfadolone-acetate;PU-H71;prednisolone-hemisuccinate"
"Multiple Sclerosis","VL",3,"camptothecin;tenidap;BRD-K79793579"
"Obesity","AD",3,"tyrphostin-A9;CAM-9-027-3;JAK3-inhibitor-I"
"Obesity","CSU",3,"tyrphostin-AG-1478;tivozanib;SB-216641"
"Optic Atrophy","HS",3,"AS-605240;TG-101348;tetrabenazine"
"Optic Atrophy","VL",3,"WT-171;BRD-K22052171;BRD-K05978741"
"Rheumatoid Arthritis","SLS",3,"methylergometrine;BRD-K30958640;dipropyl-5ct"
"Spontaneous abortion","HS",3,"fraxetin;homoharringtonine;AS-605240"
"Spontaneous abortion","VL",3,"amsacrine;BRD-K59633395;phorbol-12-myristate-13-acetate"
"Amyotrophic Lateral Sclerosis","SLS",2,"BRD-K61529775;BRD-K91946056"
"Anemia, Diamond-Blackfan","VL",2,"olomoucine;oxyphenonium"
"Atherosclerosis","HS",2,"BRD-K13060097;anisomycin"
"Atherosclerosis","VL",2,"BRD-K88198340;IBC-293"
"Chronic Obstructive Airway Disease","VL",2,"phorbol-12-myristate-13-acetate;quercetin"
"Dermatitis, Allergic Contact","VL",2,"avicin-g;BRD-K14383710"
"Frontotemporal Lobar Degeneration","PS",2,"AS-605240;aminopurvalanol-a"
"HIV Infections","VL",2,"dichlorobenzamil;wortmannin"
"Infarction, Middle Cerebral Artery","VL",2,"BRD-K00366212;amsacrine"
"Liver carcinoma","HS",2,"palbociclib;TG-101348"
"Lymphoma","HS",2,"MDM2-inhibitor;W-7"
"Lymphoma","SLS",2,"isamoltane;BRD-K84024786"
"Multiple Sclerosis","AD",2,"TG-101348;sulconazole"
"Multiple Sclerosis","HS",2,"AS-605240;TG-101348"
"Myocardial Ischemia","VL",2,"WH-4023;pitavastatin"
"Obesity","PS",2,"tyrphostin-AG-1478;JAK3-inhibitor-I"
"Osteoporosis","PS",2,"PI-828;PP-110"
"Osteoporosis","AD",2,"estradiol-benzoate;gestrinone"
"Osteoporosis","HS",2,"varenicline;BML-257"
"Osteoporosis","CSU",2,"PI-828;PP-110"
"Rheumatoid Arthritis","AD",2,"CVF-SUMO-14;fludroxycortide"
"Rheumatoid Arthritis","VL",2,"phorbol-12-myristate-13-acetate;PPT"
"Spontaneous abortion","SLS",2,"ZK-93423;lovastatin"
"Amyotrophic Lateral Sclerosis","PS",1,"BMS-536924"
"Amyotrophic Lateral Sclerosis","AD",1,"BMS-536924"
"Amyotrophic Lateral Sclerosis","CSU",1,"BMS-536924"
"Anemia, Diamond-Blackfan","PS",1,"entinostat"
"Anemia, Diamond-Blackfan","SLS",1,"BRD-K83213280"
"Chronic Obstructive Airway Disease","CSU",1,"BRD-K43226598"
"Endometriosis","HS",1,"BRD-K91836367"
"Endometriosis","SLS",1,"vemurafenib"
"Frontotemporal Lobar Degeneration","AD",1,"aminopurvalanol-a"
"Frontotemporal Lobar Degeneration","VL",1,"WT-171"
"HIV Infections","HS",1,"MD-II-008-P"
"Influenza","CSU",1,"cytochalasin-b"
"Influenza","SLS",1,"perphenazine"
"Lymphoma","VL",1,"BRD-K69406317"
"Lymphoma","CSU",1,"methotrexate"
"Myocardial Ischemia","HS",1,"SA-1447005"
"Myocardial Ischemia","SLS",1,"TPCA-1"
"Obesity","VL",1,"amsacrine"
"Optic Atrophy","SLS",1,"methylergometrine"
"Osteoporosis","SLS",1,"ecopipam"
"Pneumonia","HS",1,"SA-1447005"
"Pneumonia","VL",1,"SDZ-NKT-343"
"Rheumatoid Arthritis","HS",1,"aminomethyltransferase"
"Rheumatoid Arthritis","CSU",1,"LY-364947"
